id,nombre,sector,direccion,pais,departamento,telefono,nit,correo,representante,otrosector,other,productos,ssector
1,Entel,Telecomunicaciones,,Bolivia,Oruro,,,contacto@entel.bo,,,,,
2,Entel,Telecomunicaciones,,Bolivia,La Paz,,,contacto@entel.bo,,,,,
3,Entel,Telecomunicaciones,,Bolivia,Cochabamba,,,contacto@entel.bo,,,,,
4,Entel,Telecomunicaciones,,Bolivia,Santa Cruz,,,contacto@entel.bo,,,,,
5,Entel,Telecomunicaciones,,Bolivia,Potosi,,,contacto@entel.bo,,,,,
6,Entel,Telecomunicaciones,,Bolivia,Sucre,,,contacto@entel.bo,,,,,
7,Entel,Telecomunicaciones,,Bolivia,Pando,,,contacto@entel.bo,,,,,
8,Entel,Telecomunicaciones,,Bolivia,Beni,,,contacto@entel.bo,,,,,
9,Entel,Telecomunicaciones,,Bolivia,Tarija,,,contacto@entel.bo,,,,,
10,Tigo,Telecomunicaciones,,Bolivia,Oruro,,,contacto@tigo.com.bo,,,,,
11,Tigo,Telecomunicaciones,,Bolivia,La Paz,,,contacto@tigo.com.bo,,,,,
12,Tigo,Telecomunicaciones,,Bolivia,Cochabamba,,,contacto@tigo.com.bo,,,,,
13,Tigo,Telecomunicaciones,,Bolivia,Santa Cruz,,,contacto@tigo.com.bo,,,,,
14,Tigo,Telecomunicaciones,,Bolivia,Potosi,,,contacto@tigo.com.bo,,,,,
15,Tigo,Telecomunicaciones,,Bolivia,Sucre,,,contacto@tigo.com.bo,,,,,
16,Tigo,Telecomunicaciones,,Bolivia,Pando,,,contacto@tigo.com.bo,,,,,
17,Tigo,Telecomunicaciones,,Bolivia,Beni,,,contacto@tigo.com.bo,,,,,
18,Tigo,Telecomunicaciones,,Bolivia,Tarija,,,contacto@tigo.com.bo,,,,,
19,Viva,Telecomunicaciones,,Bolivia,Oruro,,,contacto@nuevatel.com,,,,,
20,Viva,Telecomunicaciones,,Bolivia,La Paz,,,contacto@nuevatel.com,,,,,
21,Viva,Telecomunicaciones,,Bolivia,Cochabamba,,,contacto@nuevatel.com,,,,,
22,Viva,Telecomunicaciones,,Bolivia,Santa Cruz,,,contacto@nuevatel.com,,,,,
23,Viva,Telecomunicaciones,,Bolivia,Potosi,,,contacto@nuevatel.com,,,,,
24,Viva,Telecomunicaciones,,Bolivia,Sucre,,,contacto@nuevatel.com,,,,,
25,Viva,Telecomunicaciones,,Bolivia,Pando,,,contacto@nuevatel.com,,,,,
26,Viva,Telecomunicaciones,,Bolivia,Beni,,,contacto@nuevatel.com,,,,,
27,Viva,Telecomunicaciones,,Bolivia,Tarija,,,contacto@nuevatel.com,,,,,
28,Cotel ,Telecomunicaciones,,Bolivia,La Paz,,,,,,,,
29,Comteco ,Telecomunicaciones,,Bolivia,Cochabamba,,,,,,,,
30,Coteor ,Telecomunicaciones,,Bolivia,Oruro,,,,,,,,
31,Cotas ,Telecomunicaciones,,Bolivia,Santa Cruz,,,,,,,,
32,Cotes ,Telecomunicaciones,,Bolivia,Sucre,,,,,,,,
33,Cosett ,Telecomunicaciones,,Bolivia,Tarija,,,,,,,,
34,Coteatri ,Telecomunicaciones,,Bolivia,Beni,,,,,,,,
35,Coteco ,Telecomunicaciones,,Bolivia,Pando,,,,,,,,
36,CAYOJA,automotores y motocicletas ,HEROES DEL PACIFICO N§1345,Bolivia,,2225527,4346C00,,,automotores y motocicletas ,,Parlante B12,Electrodomesticos
37,CONBOL, Reparación de vehículos automotores ,CALLE GOBLES NO.6970 DEPTO 202,Bolivia,,2721120-70619617,3210150,,,Reparación de vehículos automotores ,,Parlante B13,
38,EBA EMPRESA BOLIVIANA DE ALMENDRA Y DERIVADOS, Venta y reparación de motocicletas ,AV CAMACHO N§1148,Bolivia,,2146292,4359W00,,,Venta y reparación de motocicletas ,,Iphone Xs,
39,ENTEL EMP.NAL.DE TELECOMUNICACION, Construcción,CALLE FEDERICO ZUAZO NO. 1771,Bolivia,,2141010,420012,,,Construcción,,Locker ,
40,LOS ANDES IMPORTACIONES Y DECORACIONES, Industria manufacturera ,AV. PANDO NRO. 125,Bolivia,,2462548,4323I00,,,Industria manufacturera ,,Galaxy S21,
41,M.E.A.A. INDUSTRIAS, Servicios profesionales y técnicos ,C.INCA ALONZO  1419 VILLA SAN ANTONIO ALTO,Bolivia,,2230169,4325I00,,,Servicios profesionales y técnicos ,,Laptop,
42,MAISDA DABDOUD SCHMIEDL ISSA JEAN MAURICE, Transporte y almacenamiento ,AV TEJADA SORZANO N§606 MIRAFLORES,Bolivia,,2244305,4353D00,,,Transporte y almacenamiento ,,Teclado,
43,A & B INTERNACIONAL LTDA., Actividades de alojamiento y servicio de comidas ,C. MACARIO PINILLA Nº 384,Bolivia,,2432052-2434958,3210700,,,Actividades de alojamiento y servicio de comidas ,,Pantalla plasma,
44,A&A - ARTES GRAFICAS INTEGRALES, Información y comunicaciones ,JAIME ZUDA¥EZ SOPOCOACHI,Bolivia,,2419654,4357M00,,,Información y comunicaciones ,,Mouse gamer,
45,A.P.U. - ASOCIACION PRODUCTORES UNIDOS, Explotación de minas y canteras ,AV. HUMBERTO ASIN RIVERO,Bolivia,,4734868,4352B00,,,Explotación de minas y canteras ,,Procesadores,
46,AAYSBRI, Servicios de salud y de asistencia social ,CALLE BARBARO CASO JUAN N§ 520,Bolivia,,60126840,4357K00,,, Servicios de salud y de asistencia social ,,Tarjeta de Videos,
47,ADM - SAO S.A., Servicios de educación ,AV JORGE CARRASCO NO. 920 Z 12 DE OCT EL AL,Bolivia,,2820307,4398600,,, Servicios de educación ,,Microfono,
48,ADMI TV S.A., Actividades inmobiliarias ,AV. 26 DE FEBRERO VILLA SAN LUIS UV.31 MZA1,Bolivia,,2224422,4355Y00,,, Actividades inmobiliarias ,,Audifonos,
49,AFIMUR - MUEBLERIA, Actividades artísticas de entretenimiento y recreativas ,CALLE MURILLO ESQ. ORURO NRO 1188,Bolivia,,2339182,4348H00,,, Actividades artísticas de entretenimiento y recreativas ,,Estero,
50,AGENCIA DE NOTICIAS FIDES," Agricultura, ganadería, caza, pesca y silvicultura ",LA PAZ BOLIVIA,Bolivia,,,4100900,,," Agricultura, ganadería, caza, pesca y silvicultura ",,Cargador de Celular,
51,"ALMACEN DE ABARROTES ""EYNAR""", Intermediación financiera y seguros ,CALLE ISAAC TAMAYO N§ 571,Bolivia,,2454281,4354G00,,, Intermediación financiera y seguros ,,Celular,
52,ALMACEN SANTA CRUZ - ELSA APAZA CHOQUE,Servicios Basicos,MAX PAREDES NRO 589,Bolivia,,2453805,4325F00,,,Servicios Basicos,,Impresora,
53,ARNULFO YUFRA ALFARO,Electrodomesticos,AV.H.DE LA INDEPENDENCIA ESQ.6 DE AGOSTO TJ,Bolivia,,"443,199,434,319,945",4358P00,,,Electrodomesticos,,Refrigerador,
54,ARPAL - EDITORIAL IMPRENTA,"Alimentos, bebidas y snake",CALLE BATALLON SUCRE N§509 SAN PEDRO,Bolivia,,2146887,4349A00,,,"Alimentos, bebidas y snake",,Cocina electrica,
55,ART OFFICE S.R.L.,moda,CALLE ILLAMPU NRO 810,Bolivia,,2912746,4334Z00,,,moda,,Balanza de peso,
56,"ARTE FLORAL ""VANESSA""",Servicios Basicos,AV. 6 DE AGOSTO N§ 2464,Bolivia,,2445375,4343Q00,,,Servicios Basicos,,Huevos,"Alimentos, bebidas y snake"
57,ARTE GRAFICO AMANECER,Entretenimiento,C/SUDAN N§2130 TEMBLADERANI,Bolivia,,2419654,4352K00,,,Entretenimiento,,Asado tipo argentino,
58,ASISTECA,salud,AV.J.MU¤OZ REYES Nø220 ESQ. C/26 CALACOTO,Bolivia,,2791086,4358K00,,,salud,,Pollo a la Brasa,
59,ASTERISCO BOLIVIA,turismo,C/ALEJANDRO SARDON N§ 674 (MIRAFLORES),Bolivia,,73097127,4331I00,,,turismo,,Hamburguesas Veganas,
60,"AUTO PARTES ""VICMAR""",limpieza,C/ZOILO FLORES Nø1334,Bolivia,,2494604,4355Z00,,,limpieza,,Milanezas de pollo,
61,"AUTOACCESORIOS ""URKUPINA""",servicios medicos,C/HEROES DEL ACRE Nø1449 SAN PEDRO,Bolivia,,2492541,4326Y00,,,servicios medicos,,Sushi japones,
62,AUTOBRAS,automotores y motocicletas ,H.DEL ACRE N§ 1527,Bolivia,,2487292-2490327,4394900,,,,,Kilo de carne,
63,AUTOMOTIVOS M&M, Reparación de vehículos automotores ,C/HEROES DEL ACRE N§ 1578,Bolivia,,2487118 - 2480936,4344W00,,,,,Zanahorias,
64,AUTOVAL, Venta y reparación de motocicletas ,C/HEROES DEL ACRE,Bolivia,,2491057,4357U00,,,,,Mariscos,
65,AUVA IMPORT-EXPORT, Construcción,CALLE ALMIRANTE GRAU NRO 230,Bolivia,,2900194,4353U00,,,,bici,Pollos  Broaster ,
66,BARRACA Y MUEBLERIA R & T, Industria manufacturera ,C/ ANTONIO DE MENDOZA Nø3784 VILLA ALEMANIA,Bolivia,,2460893,4318B00,,,,tapaboca,Hamburguesas ,
67,BOLIVIA TV, Servicios profesionales y técnicos ,CAMACHO N§ 415 EDIF.LA URBANA,Bolivia,,2141945,4355K00,,,,tv,Gaseosas,
68,BOLTEX, Transporte y almacenamiento ,CALLE BOQUERON NO. 1053,Bolivia,,2485551-CEL70569151,3298900,,,,smarthfone,Bebidas alcoholicos,
69,BSB - TOWN, Actividades de alojamiento y servicio de comidas ,AV BASCONES NRO. 1918 ALTO TEJAR,Bolivia,,2472270,4359H00,,,,streaming,Ensada de Frutas,
70,BUSTOS BUSTILLOS SILVIA VERONICA, Información y comunicaciones ,CALLE COLOMBIA NO. 496 SAN PEDRO,Bolivia,,2494823,4354W00,,,Telecomunicaciones,alcohol,Quintal de Arroz,
71,CAMACHO RIVAS YANDIRA CLAUDIA, Explotación de minas y canteras ,C.POTOSI N§1376 EDIF.NAIRA PISO 8 OF803,Bolivia,,2203768,4358V00,,,tecnologicos,tickets,Gorra BT,Ropa
72,CAMBIO, Servicios de salud y de asistencia social ,SOPOCACHI,Bolivia,,2911142,4338B00,,,comida rapida,hospedaje,Chamarra,
73,CAPRICA, Servicios de educación ,LUIS CRESPO ESQ. ASPIAZU N§2002,Bolivia,,2410243,4357Q00,,,Educacion ,termometros,Pantalon,
74,CARDOZO - COMPUTADORAS & SISTEMAS, Actividades inmobiliarias ,CALLE MURILLO 1379,Bolivia,,2315054,4352R00,,,,antibacteria,Medias,
75,CASA CORTEZ, Actividades artísticas de entretenimiento y recreativas ,C/ELOY SALMON N§ 929 GALERIA GRAN PODER L-1,Bolivia,,76730051,4348O00,,,,higene,Carteras,
76,CATAMO," Agricultura, ganadería, caza, pesca y silvicultura ",CALLE SAMUEL OROPEZA N§ 1350 V. COPACABANA,Bolivia,,,4355P00,,,,jabon,Tennis ,
77,CENTRO BOLIVIANO AMERICANO, Intermediación financiera y seguros ,AV. ARCE PLAZA ZENON ITURRALDE N§ 121,Bolivia,,2430107,4358,,,,alimentos,Zapatos de cuero,
78,COMERCIAL MAURIS,Servicios Basicos,C. EE.UU. ESQ. SAN SALVADOR N\,Bolivia,,76702761,4352M00,,,,bebidas,Camisa ,
79,COMERCIAL ROJAS,Electrodomesticos,AV.BALTAZAR DE SALAS N§ 275 Z.VINO TINTO,Bolivia,,70144414,4319S00,,,,harina,Tacones ,
80,COMERCIALIZADORA RASH BOLIVIA S.A.,"Alimentos, bebidas y snake",CALLE AYACUCHO N§208 EDF. FOLORES P 06,Bolivia,,2116815,4357Z00,,,,comida gato,Botines ,
81,COMPANIA COMERCIAL GENERAL INDUSTRIAL LTDA.,moda,C REYES ORTIZ N 73 EDIF TORRES GUNDLACH P 7,Bolivia,,2337696,4323,,,,cominda perro,Faldas ,
82,"COMUNICACIONES ""EL PAIS"" S.A.",Servicios Basicos,COLINAS SANTA RITA S/N AUQUISAMA¥A,Bolivia,,2771415,4100400,,,,suplementos naturales,Cinturon,
83,"CONFECCIONES ""AYJOR""",Entretenimiento,C.13 N§ 38 SANTA ROSA TIJI,Bolivia,,79549335,4355Q00,,,,frutos secos,Poleras ,
84,CONFECCIONES KE.AR,salud,AV.ROMA N§110 ED.ALOJAMIENTO AYACUCHO,Bolivia,,72295492,4354F00,,,,juegos de mesa,Servicios de Salud,Servicios Basicos
85,CONFECCIONES YOSEF,turismo,CALLE YANACOCHA N§ 326,Bolivia,,2126395,4346R00,,,,café,Servicio de Internet,
86,COPY MIX,limpieza,AV. ECUADOR PASAJE FINOT N§ 380,Bolivia,,2426333,4358C00,,,,chocolate,Servicio de Gas domiciliario,
87,COPYCOL D&S,servicios medicos,B.SALINAS N§2503 EDIF. GUAYAQUIL,Bolivia,,2426333,4313W00,,,,camaras,Servicio de electricidad,
88,CREDINFORM,tecnologicos,AV. POTOSI NRO 1220 ESQ. AYACUCHO,Bolivia,,2315566,4300010,,,,celulares,Servicio de Agua,
89,CREDINFORM, Reparación de vehículos automotores ,AV. POTOSI NRO 1220 ESQ. AYACUCHO,Bolivia,,2315566,4300010,,,,,Servicios de streaming,ENTRETENIMIENTO
90,D' SERCA, Venta y reparación de motocicletas ,CALLE ALMIRANTE GRAU N§ 256 LOCAL 5,Bolivia,,2114958,4360D00,,,,,Video juegos,
91,DISBATEL, Construcción,C/ALMIRANTE GRAU Nø1316 SAN PEDRO,Bolivia,,2492893,4357G00,,,,,Television por Cable,
92,"DISTRIBUIDORA ""ACUARIO""", Industria manufacturera ,C/SANTA CRUZ Nø466,Bolivia,,72584522,4329G00,,,,,Centros de Actuacion,
93,"DISTRIBUIDORA ""EMILY""", Servicios profesionales y técnicos ,CALLE INCACHACA NRO 558,Bolivia,,2583353,4356,,,,,Centros nocturnos,
94,"DISTRIBUIDORA ""LLANSUR""", Transporte y almacenamiento ,C/COLOMBIA Nø456 SAN PEDRO,Bolivia,,2486067,4358F00,,,,,Cine,
95,"DISTRIBUIDORA ""S&R""", Actividades de alojamiento y servicio de comidas ,CALLA SARARIA N§ 50,Bolivia,,2250871,4354K00,,,,,Entradas de partido de futbol,
96,"DISTRIBUIDORA ""TAPIA""", Información y comunicaciones ,CALLE LEON DE LA BARRA NRO 629,Bolivia,,71945505,4356G00,,,,,Delivery,Servicios    
97,DISTRIBUIDORA ESCOBAR - EDGAR G.ESCOBAR MIRANDA, Explotación de minas y canteras ,C. JUAN GUTIERREZ NO. 880 Z. ALTO CHIJINI,Bolivia,,2453775,4356Z00,,,,,Barberias y centros de belleza,
98,DISTRIBUIDORA SUMAR, Servicios de salud y de asistencia social ,C.SOCABAYA N§ 78 ED.TORRECENTRO PB LOC 4,Bolivia,,2906263-2906264,4345A00,,,,,SPA,
99,EL MUNDO - IMPRENTA Y SERIGRAFIA INDUSTRIAL, Servicios de educación ,AV I. DE LAS MU¤ECAS N§415,Bolivia,,2460926,4359F00,,,,,Educacion ,
100,EMAPA, Actividades inmobiliarias ,CALLE 9 NRO. 7835 Z.CALACOTO,Bolivia,,2115500,4357V00,,,,,mantenimiento y arreglo de Vehiculos,
101,EMP.CONTRUCTORA CONSTREF-JOSE LUIS TARQUINO PATTY, Actividades artísticas de entretenimiento y recreativas ,CALLE ANGEL DAVALOS N§ 105 ALTO SAN PEDRO,Bolivia,,2482526,4358I00,,,,,,
102,"EMPRESA ""ROGHUR"""," Agricultura, ganadería, caza, pesca y silvicultura ",AV. 20 DE OCTUBRE Nø1948 EDIF. TERRANOVA,Bolivia,,2423178,4300X00,,,,,,
103,"EMPRESA ""TAIYO MOTORS"" S.A.", Intermediación financiera y seguros ,AV. ARCE NO. 2609,Bolivia,,2433555,3210010,,,,,,
104,"EMPRESA ""TAIYO MOTORS"" S.A.",Servicios Basicos,AV. ARCE NO. 2609,Bolivia,,2433555,3210010,,,,,,
105,EMPRESA CONSTRUCCIONES TANAKA & UEHARA S.R.L.,Electrodomesticos,AV. 27 DE MAYO S/N BARRIO VILLA CRUZ COBIJA,Bolivia,,3843670 - 72918273,4359J00,,,,,,
106,"EMPRESA DE SEMILLAS FORRAJERAS ""SEFO SAM""","Alimentos, bebidas y snake",AVENIDA EL REDUCTO S/N LOCALIDAD TIQUIPAYA,Bolivia,,4316865,4336Z00,,,,,,
107,EMPRESA DELGADILLO,moda,CALLE MERCADO NRO. 1118,Bolivia,,2906535,4356T00,,,,,,
108,"EMPRESA UNIPERSONAL ""ROCVAL""",Servicios Basicos,AVENIDA FRANCISCO BEDREGAL N§ 505 SOPOCACHI,Bolivia,,2417921,4323D00,,,,,,
109,"ENCUADERNACIONES ""SAN NICOLAS""",Entretenimiento,CALLA NANAWA N§ 1809,Bolivia,,2502823,4331T00,,,,,,
110,ERBOL COMUNICACIONES S.R.L.,salud,C. BALLIVIAN N§ 1323,Bolivia,,2204011,4167800,,,,,,
111,ESCOBAR SOLIZ SIXTO,turismo,PLAZUELA AVAROA N\,Bolivia,,4574738,4359T00,,,,,,
112,ESTACION DE SERVICIO COSTANERA S.R.L.,limpieza,"OBRAJES,CALLE 5 N333 ESQ.AV.COSTANERA",Bolivia,,2782334,4356S00,,,,,,
113,ESTACION DE SERVICIOS VOLCAN SRL.,servicios medicos,AV. MONTES ESQ. PANDO NO. 101,Bolivia,,2460441,4347V00,,,,,,
114,"FABRICA BOLIVIANA DE MUNICION ""COFADENA""", Intermediación financiera y seguros ,PLANTA KM.11 1/2 AV. BLANCO GALINDO CBBA,Bolivia,,4260910,4357H00,,,,,,
115,FABRICA LA ESTRELLA S.R.L.,Servicios Basicos,CALLE INKA NO. 500,Bolivia,,2459966,4360G00,,,,,,
116,FALCONI, Intermediación financiera y seguros ,AV.6 DE MARZO C/7 Nø1001,Bolivia,,76257272,4357D00,,,,,,
117,FARMACORP S.A., Servicios profesionales y técnicos ,AV. EL PRADO SUCURSAL N§ 17,Bolivia,,2311311,4307C00,,,,,,
118,FERNANDO VARGAS PATZI, Construcción,XX,Bolivia,,76234013,4353Y00,,,,,,
119,"FERRETERIA ""ECONOMICA""", Actividades artísticas de entretenimiento y recreativas ,ISAC TAMAYO N§890,Bolivia,,2459116,4333C00,,,,,,
120,"FERRETERIA ""MIYAMOTO""",turismo,CALLE SAGARNAGA NRO 327,Bolivia,,2370027,4356F00,,,,,,
121,FERRETERIA J & G,Servicios Basicos,C: SANTA CRUZ COMERCIAL COPACABANA,Bolivia,,"245,650,971,215,311",4333R00,,,,,,
122,FERRETERIA LA SOLUCION - GUTIERREZ BAUTISTA FERMIN, Venta y reparación de motocicletas ,CALLE ISAAC TAMAYO NRO. 889 ZONA ROSARIO,Bolivia,,2451538,4355W00,,,,,,
123,FERRO LUZ,Servicios Basicos,AV. BALTAZAR DE SALAS N§ 875,Bolivia,,70166835,4355L00,,,,,,
124,FILCARS,Servicios Basicos,C/ NICOLAS ACOSTA N: 594,Bolivia,,2491960 - 2481006,4312P00,,,,,,
125,FLEXO PRINT S.R.L., Información y comunicaciones ,AV.RAMON RIVERO N§672 ZONA NORESTE,Bolivia,,"45,259,322,110,077",4357S00,,,,,,
126,FRAMIBOL IMPORT & EXPORT,tecnologicos,CALLE INGAVI N§ 601,Bolivia,,2004145,4343I00,,,,,,
127,FULL OFFICE EQUIPMENT, Transporte y almacenamiento ,EDIFICIO 5TO CENTENARIO LOCAL 28,Bolivia,,2444574,4329J00,,,,,,
128,FULL TEXTIL,Electrodomesticos,CALLE ISAC TAMAYO LOCAL 121-122,Bolivia,,2450150,4356H00,,,,,,
129,FUNDACION UNIVERSITARIA SIMON I.PATINO,automotores y motocicletas ,CARRETERA PAIRUMANI S/N ZONA PAIRUMANI,Bolivia,,4262021,4358S00,,,,,,
130,"GASTRONOMIA ""FERNANDEZ""", Intermediación financiera y seguros ,TAQUESI N§ 958 ZONA EL TEJAR,Bolivia,,2380966,4355V00,,,,,,
131,GENJAR, Actividades artísticas de entretenimiento y recreativas ,C/ HEROES DEL ACRE 1400A,Bolivia,,-2491746,4345H00,,,,,,
132,GO.FAR SRL.,turismo,AV. SANTOS DUMONT ENTRE 6 Y 7 ANILLO S/N,Bolivia,,3512760,4354B00,,,,,,
133,GRABADOS FENIX,moda,C.KM 7 N§ 1588 ALTO SAN PEDRO,Bolivia,,2480352,4351V00,,,,,,
134,GRAFICA DINO, Información y comunicaciones ,C/TARIJA N§ 233,Bolivia,,2311638,4345T00,,,,,,
135,GREGORIO AVENDANO CALLE (GABO-LIMP),salud,AV LOS ROSALES NRO 3310 COTA COTA,Bolivia,,2608508,4348K00,,,,,,
136,GRICEL BAZAR LIBRERIA,Electrodomesticos,AV. MANCO KAPAC N§ 279 F.ESTACION CENTRAL,Bolivia,,79549335,4319,,,,,,
137,GS - IMPORTACION EXPORTACION FLORES,automotores y motocicletas ,AV. MONTES N§ 690 ZONA SAN SEBATIAN,Bolivia,,2004297,4355T00,,,,,,
138,GSM - LOURDES MORALES CHURATA, Reparación de vehículos automotores ,XX,Bolivia,,67002253,4355M00,,,,,,
139,H&S HARDWARE SOFTWARE, Venta y reparación de motocicletas ,AV. TEJADA SORZANO N§567,Bolivia,,73647654,4358A00,,,,,,
140,H.F.IMPORTACIONES, Construcción,AV. ILLIMANI EDF. SANTA BARBARA,Bolivia,,2240274,4359M00,,,,,,
141,HANSA LTDA., Industria manufacturera ,CALLE YANACOCHA ESQ. MERCADO #1004,Bolivia,,2407788-2112283,4309D00,,,,,,
142,HEBRON, Servicios profesionales y técnicos ,COLOMBIA N. 520,Bolivia,,2488348,4305Y00,,,,,,
143,HIRAM PELTRE BOLIVIA, Transporte y almacenamiento ,CALLE 4 NRO 117 ZONA SAN LUIS,Bolivia,,76203039,4308Q00,,,,,,
144,HOGAR - DECORACIONES E IMPORTACIONES, Actividades de alojamiento y servicio de comidas ,CALLE GRAL. LANZA NRO 1992 SOPOCACHI,Bolivia,,2580497,4348T00,,,,,,
145,HONORINA JUANA LOZA DE MAMANI, Información y comunicaciones ,HU¤ACOTA SANTIVA¤EZ,Bolivia,,70793290 -71757673,4359P00,,,,,,
146,I&I INVERSIONES INDUSTRIALES S.R.L., Explotación de minas y canteras ,CALLE ILLAMPU N§ 200,Bolivia,,2312173,4360,,,,,,
147,I.R.G. S.R.L., Servicios de salud y de asistencia social ,CALLE BOQUERON N§ 1053 SAN PEDRO,Bolivia,,2485551,4346Q00,,,,,,
148,IBEX EXPRESS LTDA., Servicios de educación ,PASAJE CAPITAN RAVELO N§ 2157 SOPOCACHI,Bolivia,,2444425 - 2444495,4355U00,,,,,,
149,ILLIMANI DE COMUNICACIONES SA.(ATB), Actividades inmobiliarias ,AV. ARGENTINA N§ 2057,Bolivia,,229922,4100330,,,,,,
150,IMAGINATIVA COMPUTACION Y SOLUCIONES INFORMATICAS,tecnologicos,CALLE LITORAL N§ 1352,Bolivia,,72064774,4359S00,,,,,,
151,IMCRUZ COMERCIAL S.A.," Agricultura, ganadería, caza, pesca y silvicultura ",AV 20 DE OCTUBRE N§ 2656,Bolivia,,2434949,4355S00,,,,,,
152,"IMPORTADORA ""CROSSMAN""", Intermediación financiera y seguros ,AV.MONTES N§680 CASI ESQ.BOZO,Bolivia,,2463442,4359D00,,,,,,
153,"IMPORTADORA ""LLANCAR""",Servicios Basicos,C/HEROES DEL ACRE N:1474 SAN PEDRO,Bolivia,,"248,725,270,675,890",4344R00,,,,,,
154,IMPORTADORA DAYNICOM,Electrodomesticos,CALLE GOYZUETA NRO 639,Bolivia,,2459345,4324Q00,,,,,,
155,IMPORTADORA NICHOLSON,"Alimentos, bebidas y snake",AV. MONTES Nø684,Bolivia,,2459021,4336P00,,,,,,
156,IMPORTADORA STANFORD,moda,AV. MONTES NO 678 CASI ESQ. BOZO,Bolivia,,2463442,4336C00,,,,,,
157,IMPORTADORA STANLEY,Servicios Basicos,C.BOZO N§ 110 ZONA SAN SEBASTIAN,Bolivia,,2461371,4317H00,,,,,,
158,"IND. DE CAFE ""LA ORIENTAL""",Entretenimiento,CISNEROS N. 1236 MIRAFLORES,Bolivia,,2224397,4301A00,,,,,,
159,INDUCOMEX,salud,CALLE COVENDO NO. 1020 VILLA FATIMA,Bolivia,,2216687,3299100,,,,,,
160,"INDUSTRIA MOLINERA ""SAN JUAN""S.R.L.",turismo,CALLE 20 DE MAYO NO. 1100,Bolivia,,5972464,3298800,,,,,,
161,INDUSTRIA MOLINERA DEL VALLE S.R.L.,comida rapida,C. ARANIBAR OROZCO S/N COCHABAMBA,Bolivia,,4434585,4315D00,,,,,,
162,INDUSTRIAS LARA BISCH S.A.,servicios medicos,AV. VASQUEZ NO. 898,Bolivia,,2457942,4335500,,,,,,
163,INFORMACION EXTRA S.A.,"Alimentos, bebidas y snake",COLINAS DE SANTA RITA AUQUISAMA¤A ALTO,Bolivia,,2799494,4358M00,,,,,,
164,INOF & LIMP SRL,Electrodomesticos,C/ TARIJA,Bolivia,,"297,152,479,607,207",4348F00,,,,,,
165,INPROAL S.R.L., Actividades artísticas de entretenimiento y recreativas ,C. TENIENTE OQUENDO N. 153,Bolivia,,2280071,4304H00,,,,,,
166,ITSEVEN SOLUCIONES INFORMATICAS INTEGRALES, Reparación de vehículos automotores ,C.BAT.COLORADOS N§ 52 EDIF. EL CONDOR P808,Bolivia,,2442042-2442223,4344G00,,,,,,
167,J & L - JOHNNY M.LEPENA ARISPE,automotores y motocicletas ,CIRCUNVALACION N§ 1146 Z. SAN SIMOM,Bolivia,,72706345,4358B00,,,,,,
168,J & S - SUMINISTROS EN GENERAL, Actividades inmobiliarias ,AV 31 DE OCTUBRE NO. 1834 VILLA SAN ANTONIO,Bolivia,,,4337Z00,,,,,,
169,JAIME LOZA CEREZO - LOZA & C,moda,CALLE NATANIEL AGUIRRE GALERIA ESTRELLA ORO,Bolivia,,70161283,4356D00,,,,,,
170,JESUS REYNALDO CORONI COCARICO, Explotación de minas y canteras ,C. SAN MATIAS NRO. 2065 Z. BRASIL EL ALTO,Bolivia,,2863050,4359X00,,,,,,
171,JHOSBEN PACK, Servicios profesionales y técnicos ,CAMINO A VIACHA NRO 10 VILLA BOLIVAR C,Bolivia,,73268334,4354D00,,,,,,
172,JULYDEC - DISENO Y REFORMAS DE INTERIORES,salud,SOPOCACHI,Bolivia,,2424982,4351B00,,,,,,
173,KORIGOMA LTDA., Servicios de educación ,EL ALTO KM.17 CARRETERA A ORURO,Bolivia,,2850405,4304Y00,,,,,,
174,LA CASCADA S.A., Servicios de salud y de asistencia social ,VILLA FATIMA,Bolivia,,,4350000,,,,,,
175,LABORATORIOS ROXELL S.R.L., Servicios de salud y de asistencia social ,PASAJE VINCENTTI N§RO 540 SOPOCACHI,Bolivia,,,4308,,,,,,
176,LACTEOSBOL, Información y comunicaciones ,AV. CAMACHO N§ 1488,Bolivia,,2147001,4359V00,,,,,,
177,LEON RICARDO MARIACA SILVA,turismo,C INDEPENDENCIA N§539,Bolivia,,2445598,4356Y00,,,,,,
178,LETREROS PALETT S PUBLICIDAD,salud,C.MURILLO NRO 1060 EDIF MURILLO LOCAL 1,Bolivia,,2331182-70152719,4351,,,,,,
179,LIBOL S.R.L.,tecnologicos,AV. 20 DE OCTUBRE N§ 2602,Bolivia,,2433775,4311Q00,,,,,,
180,LIBRERIA & PAPELERIA OLIMPIA,turismo,CALLE INGAVI NRO 1051,Bolivia,,2407570,4314700,,,,,,
181,LIBRERIA Y PAPELERIA J & G, Información y comunicaciones ,CALLA FRANCISCO MONRROY ESQ. YUNGAS N§ 932,Bolivia,,2203266-79587103,4353S00,,,,,,
182,LUXUS, Explotación de minas y canteras ,"C/24 CALACOTO TORRE ""C"" SUR PISO 6 OF. 604",Bolivia,,2971534 - 2971535,4351D00,,,,,,
183,LYNX IMPORTACIONES S.R.L.," Agricultura, ganadería, caza, pesca y silvicultura ",C.LOAYZA N§273 EDIF.VIRGEN DE COPACABANA,Bolivia,,2912788,4357O00,,,,,,
184,MAC VISUAL,automotores y motocicletas ,C. JUAN JOSE PEREZ NRO. 282 ZONA SOPOCACHI,Bolivia,,2444160,4357A00,,,,,,
185,MAGNUMATEACH,automotores y motocicletas ,GENERAL GONZALES NRO. 1229,Bolivia,,2409359,4342A00,,,,,,
186,MAJO CAR,turismo,C/SANTOS MACHICADO Nø560 SAN PEDRO,Bolivia,,2489389 - 2487117,4360H00,,,,,,
187,MARCO ANTONIO CHOQUE CARGUANI, Transporte y almacenamiento ,CALLE ELOY SALMON,Bolivia,,70182805,4356I00,,,,,,
188,MARMOLERA UYUNI I,automotores y motocicletas ,AV SUCRE N\1001 PB ESQ YANACOCHA,Bolivia,,2280276,4304Q00,,,,,,
189,MARTHA HUANCA DE CHOQUE (IMPORTADORA EL ROSAL), Reparación de vehículos automotores ,AV. MARIO MERCADO N§ 100 Z. BAJO LLOJETA,Bolivia,,2343617,4359C00,,,,,,
190,MATECO,automotores y motocicletas ,ALTO SEGUENCOMA C. VILLA CARMEN ROSA N§26,Bolivia,,2752005,4343V00,,,,,,
191,MATECO, Reparación de vehículos automotores ,ALTO SEGUENCOMA C. VILLA CARMEN ROSA N§26,Bolivia,,2752005,4343V00,,,,,,
192,MENDOZA DE NOGALES MARGARITA, Venta y reparación de motocicletas ,AV.PERIFERICA N§474,Bolivia,,77225349,4359Z00,,,,,,
193,MG IMPRESIONES, Construcción,CALLE IDELFONSO DE LAS MU¤ECAS NRO 490,Bolivia,,2455038,4358Z00,,,,,,
194,"MICHAEL ERICK ALBARRACIN ARCIENEGA - INDUST.""MEAA""", Industria manufacturera ,C.INCA ALONZO N§1419 ZONA VILLA SAN ANTONIO,Bolivia,,"22,301,692,231,892",4333X00,,,,,,
195,MISTIKA, Servicios profesionales y técnicos ,AV 6 DE AGOSTO N§2190,Bolivia,,72021849,4346H00,,,,,,
196,MITE, Transporte y almacenamiento ,CALLA 7A N§ 4872 Z. JULIANA - EL ALTO,Bolivia,,77220000,4356V00,,,,,,
197,MITE, Actividades de alojamiento y servicio de comidas ,CALLA 7A N§ 4872 Z. JULIANA - EL ALTO,Bolivia,,77220000,4356V00,,,,,,
198,KAWABUNGA, Información y comunicaciones ,,Bolivia,,,,,,,,,
199,MM-TECH, Explotación de minas y canteras ,CALLE C.STRONGEST NRO 1822 EDIF MALLKU,Bolivia,,2000799,4341B00,,,,,,
200,"MUEBLERIA ""JHON-MAYCOL""", Servicios de salud y de asistencia social ,CALLE SEVEREO FERNANDEZ N§ 1495,Bolivia,,2835869-2830087,4333G00,,,,,,
201,"MUEBLERIA ""MODERNA""", Servicios de educación ,C ALCOREZA N§906,Bolivia,,2493604,4354X00,,,,,,
202,"MUEBLERIA Y DECORACIONES ""KAPA""", Actividades inmobiliarias ,CALLE MURILLO NRO 914 ESQ SAGARNAGA,Bolivia,,2311334,4380200,,,,,,
203,"MULTISERVICIOS ""ANDROMEDA""", Actividades artísticas de entretenimiento y recreativas ,AV 6 DE AGOSTO N.2074 EDIF.HOTEL ESPA¤A,Bolivia,,70541527-73700384,4351H00,,,,,,
204,MULTISERVIS PROIMFO," Agricultura, ganadería, caza, pesca y silvicultura ",C/SANTA CRUZ ESQ. ISAAC TAMAYO,Bolivia,,2118440,4357T00,,,,,,
205,NATALI CRISTINA MACHICADO CHAMBI, Intermediación financiera y seguros ,CALLE ANTONIO QUIJARRO NRO 930,Bolivia,,2454199,4356Q00,,,,,,
206,NEMESIO LOVERA VENTURA,Servicios Basicos,QUILLACOLLO. CALLE LIBERTAD SAPENCO S/N,Bolivia,,76402866,4359O00,,,,,,
207,OPAL LTDA.,Electrodomesticos,C/REPUBLICA DOMINICANA Nø2144 MIRAFLORES,Bolivia,,2146561,4359Y00,,,,,,
208,ORACIO GUACHALLA MACHACA,"Alimentos, bebidas y snake",AV.CHAYNAPATA Nø1055 COSMOS 79,Bolivia,,,4358W00,,,,,,
209,PALERMOS LOAYZA JUAN GABRIEL,moda,C.RETAMAS N§23 Z.PURA PURA,Bolivia,,2450198,4353P00,,,,,,
210,PAULINO CERVANTES MAMANI,Servicios Basicos,B/COPOCE-QLLO,Bolivia,,72278587,4358Q00,,,,,,
211,PEREZ BENAVIDES ROCIO DEL CARMEN - ROCEM,Entretenimiento,AV.CHACALTAYA N§811 PISO P.B.Z.ACHACHICALA,Bolivia,,2308949,4359B00,,,,,,
212,PHOCOS LATIN AMERICA S.R.L.,salud,C. JUMBERTO IPORRE NO. 513 Z VILLA BUSCH N,Bolivia,,591-4-4425047,4357,,,,,,
213,PIL ANDINA S.A.,turismo,AV JUAN PABLO II KM. 15 RIO SECO,Bolivia,,2860011,4337S00,,,,,,
214,PIO RICO,limpieza,C.MAYOR LOPERA N§ 283-VILLA FATIMA,Bolivia,,2610591,4347C00,,,,,,
215,PLOTTER CAD SULTAN,servicios medicos,C. COLONN§330 PISO 1 OF. 102,Bolivia,,73031063,4357N00,,,,,,
216,PREEGO, Construcción,C.MEXICO NRO 1554 EDIF. CHUQUIAGO PB OF. 6,Bolivia,,2311120,4357P00,,,,,,
217,PRODIGY IMPRESORES, Actividades artísticas de entretenimiento y recreativas ,C. B. SOZA N§ 1292 SAN PEDRO,Bolivia,,2488497,4356C00,,,,,,
218,"PRODUCCIONES ""MIGUELITO""", Intermediación financiera y seguros ,AV. ILLAMPU N§ 765 ZONA ROSARIO,Bolivia,,73276394,4359U00,,,,,,
219,PROVEEDORA LA ESTRELLA, Venta y reparación de motocicletas ,AV.MANCO KAPAC N§297 Z.SAN SEBASTIAN,Bolivia,,70166635,4357I00,,,,,,
220,PROVEEDORAS MENORES VARIOS, Actividades inmobiliarias ,VARIOS,Bolivia,,XXX,4300000,,,,,,
221,PROVIGEN BOLIVIA - MEALLA WILLIAMS HUGO ABEL, Actividades inmobiliarias ,C.SAUL M.MENDOZA N§391 Z.QUERU QUERU,Bolivia,,717159291 72568325,4347L00,,,,,,
222,QUEZADA PEGOTINI CARLOS RAMIRO, Venta y reparación de motocicletas ,CALLE JUNIN N§664 ZONA CENTRAL,Bolivia,,24938905,4358U00,,,,,,
223,"RADIO ""BATALLON COLORADOS""",Entretenimiento,AV. SAAVEDRA (ESTADO MAYOR),Bolivia,,2149400-2149438,4103200,,,,,,
224,"RADIO ""CHACALTAYA"" 93.7 F.M.", Actividades de alojamiento y servicio de comidas ,X,Bolivia,,65151630,4100240,,,,,,
225,RADIO FIDES ORURO S.R.L., Industria manufacturera ,EDIF.CAM.DE COMERCI PISO 3,Bolivia,,5250600,4356L00,,,,,,
226,RADIO FIDES SANTA CRUZ S.R.L.,Electrodomesticos,C.MERCADO N§ 457 EDIF. MALL CALLE 7 PB,Bolivia,,3372424,4356M00,,,,,,
227,RADIO FIDES-LA PAZ S.R.L.,"Alimentos, bebidas y snake",JENARO SANJINES N§ 799,Bolivia,,2406363,4322T00,,,,,,
228,RADIO ILLIMANI - RED PATRIA NUEVA, Construcción,AV.CAMACHO N§ 1485 PISO 5,Bolivia,,2200282,4347Y00,,,,,,
229,RADIO KAWSACHUN COCA,salud,XX,Bolivia,,44136837,4356O00,,,,,,
230,RADIO MAR S.R.L.,automotores y motocicletas ,JENARO SANJINES N§ 799-LA PAZ,Bolivia,,2406740,4356N00,,,,,,
231,RECTIFICADORA UNIVERSAL, Reparación de vehículos automotores ,C/JULIO MARIACA Nø65 FINAL D. ROMERO MIRAFL,Bolivia,,2227303,4359A00,,,,,,
232,RED DE RADIOS Y TELEVISION COMUNITARIA, Venta y reparación de motocicletas ,XX,Bolivia,,73583432,4356P00,,,,,,
233,RED UNO DE BOLIVIA S.A., Construcción,2421111,Bolivia,,2421111,4100250,,,,,,
234,REPRESENTACIONES VIC-VEL, Industria manufacturera ,CARRETERA VIACHA Nø8044 BARRIO V. PRIMAVERA,Bolivia,,"285,164,276,521,838",4353Z00,,,,,,
235,REPTEX, Servicios profesionales y técnicos ,CALLE 12 N§600 CALACOTO,Bolivia,,77220000,4358G00,,,,,,
236,"RESTAURANT ""PICK'S""", Transporte y almacenamiento ,BELISARIO SALINAS N§ 383,Bolivia,,2440457,4304600,,,,,,
237,RIOS IMPORTACIONES, Actividades de alojamiento y servicio de comidas ,ALTO DE LA ALIANZA,Bolivia,,,4357L00,,,,,,
238,ROMIRAI FASHION SPORT, Información y comunicaciones ,AV.CIVICA NRO 25 ZONA VILLA TEJADA TRIANG,Bolivia,,71580105,4358X00,,,,,,
239,RONET, Explotación de minas y canteras ,C/COLOMBIA N§ 272,Bolivia,,"249,530,860,104,016",4345D00,,,,,,
240,ROXANA ANDREA SACA VILA, Servicios de salud y de asistencia social ,CALLE PEDRO DE LA GASCA NRO 701,Bolivia,,70148028,4355N00,,,,,,
241,ROXANA CALUSTRO VASQUEZ, Servicios de educación ,CLIZA CALLE LITORAL BOLIVIANO,Bolivia,,4575451,4358T00,,,,,,
242,S.G.C. - SOCIEDAD DE GESTION CONSULTIVA S.R.L., Actividades inmobiliarias ,CALLE MEXICO NRO 1554 EDIF. CHUQUIAGO OF 6,Bolivia,,2311120,4100T00,,,,,,
243,S.I.E. CONSTRUCCIONES,tecnologicos,V.COPACABANA PSJ. OROPEZA Nø1315,Bolivia,,2238471,4357C00,,,,,,
244,SALAZAR BALCERAS RENALIA," Agricultura, ganadería, caza, pesca y silvicultura ",AV. REPUBLICA N§1046 ZONA SUDESTE CBBA,Bolivia,,4553237,4359Q00,,,,,,
245,SANTANA, Intermediación financiera y seguros ,CONCHITAS N. 470 ENTRE HEROES DEL ACRE,Bolivia,,72507003,4312B00,,,,,,
246,SARAVIA LAZARTE MILTON (TIAGO SALUTIONS),Servicios Basicos,JUAN DE LA RIVA ESQ. LOAYZA NRO. 1406,Bolivia,,2901833,4357X00,,,,,,
247,SCORPION,Electrodomesticos,AV. VASQUEZ N§653,Bolivia,,2460067,4360B00,,,,,,
248,SCRUM TECHNOLOGY S.R.L.,"Alimentos, bebidas y snake",Z/LLOJETA URB. EL ROSAL CALLE B Nø200,Bolivia,,72005251,4360F00,,,,,,
249,SEGUROS ILLIMANI,moda,C/ COLON ESQ. CAMACHO Nø1323,Bolivia,,2203040,4314L00,,,,,,
250,SEGUROS PROVIDA S.A.,Servicios Basicos,AV 20 DE OCTUBRE NO 2524,Bolivia,,2430300,4338D00,,,,,,
251,SEMAR - MARTINEZ RAMIREZ JULIO MIGUEL,Entretenimiento,GUILLERMO VARGAS N§ 22 PAMPAHASI,Bolivia,,71937376,4324D00,,,,,,
252,SEMAR - MARTINEZ RAMIREZ JULIO MIGUEL,salud,GUILLERMO VARGAS N§ 22 PAMPAHASI,Bolivia,,71937376,4324D00,,,,,,
253,"SEMILLERIA ""LOS ANDES""-GARCIA COLQUE NILDA",turismo,C.RICARDO BUSTAMANTE N§760 Z.GRAN PODER,Bolivia,,2492182,4347J00,,,,,,
254,SERMATEQ,limpieza,CALLE YANACOCHA NRO 842,Bolivia,,2284814,4346,,,,,,
255,SERV.PROF. - IRMA GOBANA GUTIERREZ SILLERICO,servicios medicos,AV. 6 DE AGOSTO SHOPING V CENTENARIO,Bolivia,,2440374,4358D00,,,,,,
256,SERVICENTRO RODRIGUEZ,"Alimentos, bebidas y snake",C/NENDEZ ARCOS Nø 930 SOPOCACHI,Bolivia,,2421138,4308W00,,,,,,
257,SERVICIO GASTRONOMICO - OMAR NINA, Industria manufacturera ,CIUDAD SATELITE PLAN 295 AV.A N§164,Bolivia,,72587500,4359G00,,,,,,
258,SERVICIO TECNICO-EQUIPOS DE OFICINA, Servicios profesionales y técnicos ,LA PAZ,Bolivia,,,4388300,,,,,,
259,SERVICIOS CRSD,Servicios Basicos,C/FERNANDO BORJA N§2644 VILLA ALEMANA,Bolivia,,71145095,4356B00,,,,,,
260,SERVIENTREGA IBAPON S.R.L., Actividades artísticas de entretenimiento y recreativas ,"C/EVGARISTO VALLE Nø150 G.HERIBA P.2 OF,214",Bolivia,,"246,366,573,276,647",4357J00,,,,,,
261,SERVITEX VILLENA S.R.L.,Servicios Basicos,AV MARISCAL SANTA CRUZ N§1392,Bolivia,,2371637,4399800,,,,,,
262,SESAC,Servicios Basicos,AV:PERIFERICA Nø1022 VILLA DE LA CRUZ,Bolivia,,2285374,4356K00,,,,,,
263,SISCOTEC S.R.L., Reparación de vehículos automotores ,CALLE JORGE SAENZ N§ 1005 MIRAFLORES,Bolivia,,2112861,4302Y00,,,,,,
264,SKALE MODELOS, Reparación de vehículos automotores ,AV. MONTES N§ 716 ED.URSICKMOTORS,Bolivia,,2315148,4358L00,,,,,,
265,SOFIA MARIBEL URIA OROPEZA,"Alimentos, bebidas y snake",C TIFUNQUE N§ 200 VILLA ARMONIA,Bolivia,,"73,041,231",4355R00,,,,,,
266,SOLUCIONES INTEGRALES S.A., Actividades artísticas de entretenimiento y recreativas ,C. IGNACIO CORDERO N§ 8487 P.2 SAN MIGUEL,Bolivia,,2773378,4351X00,,,,,,
267,SPYRAL, Actividades inmobiliarias ,AV. MEJILLONES N§13 V.ARMONIA,Bolivia,,2251666,4356J00,,,,,,
268,SR M M SRL,moda,C/COLOMBIA N§ 230 SAN PEDRO,Bolivia,,2900610,4347A00,,,,,,
269,SUDAMERICANA, Explotación de minas y canteras ,C/ZOILO FLORES N:1372 SAN PEDRO,Bolivia,,"291,491,172,086,339",4309Y00,,,,,,
270,TALLER ELECTRICO ORLANDO,Servicios Basicos,C/LANDAETA Nø717 SAN PEDRO ALTO,Bolivia,,730022780,4357W00,,,,,,
271,TEASS ELEVADOR SERVICE,moda,AV. ESTEBAN ARCE Nø2018,Bolivia,,2237096 - 2234967,4356U00,,,,,,
272,"TECNO EMBRAGUE ""LA PAZ""", Venta y reparación de motocicletas ,AV.RAMIRO CASTILLO N§78 VILLA EL CARMEN,Bolivia,,2212381,4346X00,,,,,,
273,THE GENERAL,tecnologicos,C/NICOLAS ACOSTA N§442 SAN PEDRO,Bolivia,,2483188,4350A00,,,,,,
274,TIC-TAC REPRESENTACIONES, Construcción,C.MONJE N§ 1235 ALTO MIRAFLORES,Bolivia,,2215546-2215548,4343S00,,,,,,
275,TOMICHùS,automotores y motocicletas ,CALLE MEDINA N§ 1250 VILLA DOLORES EL ALTO,Bolivia,,2824580,4327D00,,,,,,
276,TOP SERVICE-SANDRA RAMOS CASTRO,Electrodomesticos,C/ZOILO FLORES N§1360 SAN PEDRO,Bolivia,,2492662,4339A00,,,,,,
277,TORNERIA V&J,Servicios Basicos,AV. TEJADA SORZANO ESQ. P. RICO N§812,Bolivia,,72543608 - 71595913,4351W00,,,,,,
278,TOYOSA S.A., Actividades inmobiliarias ,AV. LIBERTADORES N§ 100,Bolivia,,2783810-2784431,4301H00,,,,,,
279,TRANS-YUNGUENA,"Alimentos, bebidas y snake",C/SAN BORJA Nø428 V. FATIMA,Bolivia,,2217970,4350100,,,,,,
280,"TRANSPORTES ""BENI""", Actividades inmobiliarias ,AV. 6 DE MARZO N§12 LADO TAQUI¥A,Bolivia,,2216565,4384400,,,,,,
281,TUCO - CONFECCION DE IMPLEMENTOS MILITARES,salud,CALLE 15 DE AGOSTO N§ 900-Z. CALLAPAMPA,Bolivia,,2455352,4334V00,,,,,,
282,UNIVERSITAS S.R.L., Transporte y almacenamiento ,"AV.16 DE JULIO EDIF.SAN PABLO P-1O,108",Bolivia,,2311310,4100120,,,,,,
283,UTILEX, Servicios de educación ,CALLE COLOMBIA ESQ. MURILLO,Bolivia,,2317531,4356X00,,,,,,
284,VICTORIANO PAJSI,Electrodomesticos,RUMY CORRAL-QUILLACOLLO-CBBA,Bolivia,,,4358O00,,,,,,
285,VIDRIERIA BALLIVIAN, Servicios de educación ,AV BALLIVIAN NRO 275 ENTRE CALLE 8Y9 CALACO,Bolivia,,71909153,4348L00,,,,,,
286,VIDRIERIA MARQUERIA ARTISTICA," Agricultura, ganadería, caza, pesca y silvicultura ",AV. 6 DE AGOSTO N§ 2530,Bolivia,,2433427,4347100,,,,,,
287,VYROE IMPORTACIONES-REPRESENTACIONES,Servicios Basicos,C/INGAVI Nø684 Z. CENTRAL,Bolivia,,2286174,4320A00,,,,,,
288,WINAY ISI, Actividades inmobiliarias ,C/14 N§40 ZONA VILLA DOLORES,Bolivia,,76776907,4357R00,,,,,,
289,XEROBOL S.A., Actividades de alojamiento y servicio de comidas ,AV. ARCE ESQ. CAMPOS NRO 2701 EDIF ELLIMANI,Bolivia,,2431212,4344H00,,,,,,
290,ZONATEX, Actividades inmobiliarias ,AVENIDA AMERICA N§ 758 ENTRE PANDO Y POTOSI,Bolivia,,4281630,4352L00,,,,,,
291,COFADENA,automotores y motocicletas ,AV. 6 DE AGOSTO N° 2645,Bolivia,,2433810,1000867020,oard67@hotmail.com,VASQUEZ MOYA FELIPE EDUARDO,,,,
292,"EMPRESA DE APOYO A LA PRODUCCION
DE ALIMENTOS",turismo,CALLE 9 CALACOTO N° 7835 Z. SUR,Bolivia,,2115500,150054023,xuscamayta.emapa@gmail.com,"HUGO ALBERTO ROLANDO PRADO
ARGOTE",,,,
293,EMPRESA PUBLICA QUIPUS, Servicios de educación ,"AV. 6 DE AGOSTO EDIF. LAS DOS TORRES
PISO 8",Bolivia,,2125254,247632025,freddy.murillo@quipus.gob.bo,FREDDY MURILLO ROJAS,,,,
294,CORPORACION NACIONAL DE INDUSTRIA TEXTILERA (CONAINTEX), Explotación de minas y canteras ,"CALLE 8 N°8,1001 - EL ALTO",Bolivia,,"2837289
79606409
72818446",4307509011,conaintex@gmail.com,ACNE VARGAS BENIGNA IRMA,,,,
295,TEXMARCK, Actividades de alojamiento y servicio de comidas ,AV. JAIME MENDOZA 1342,Bolivia,,4-6466620,7476755010,texmarckbolivia@hotmail.com,CALDERON PARTES AGUSTIN,,,,
296,J & S PUBLICIDAD, Servicios de educación ,CHOROLQUE N° 1056 - LA PAZ,Bolivia,,2463140,6159623019,bordados_josmar@hotmail.com,MARTINEZ BERNAL JEAN OLIVEO,,,,
297,SERVICIO NACIONAL TEXTIL - SENATEX, Construcción,C. YANACACHI N°1489 VILLA FATIMA,Bolivia,,2219707,196654024,"miltverastegui@yahoo.com     
ris981@hotmail.com",VERASTEGUI VALLE JUAN MILTON,,,,
298,"CSR CONFECCIONES ""SAN RAFAEL""", Transporte y almacenamiento ,OBRAJES CALLE 10 CALLE F. N° 196,Bolivia,,2788163,,adbora8@hotmail.com,ADOLFO BOLAÑOS RAMOS,,,,
299,MOLINO FABRICA DE FIDEOS AURORA, Explotación de minas y canteras ,KM. 7 CARRETERA ORURO,Bolivia,,2852170,1020199024,info@fideosaurora.com,TAPIA ZEMBRANA SIMON,,,,
300,RODRIGO ALVARADO CAMPOS, Actividades artísticas de entretenimiento y recreativas ,AV. PANDO S/N ZONA QUERU QUERU,Bolivia,,4432605,3741874019,,ARAMAYO MICHEL KAREM SHIRLEY,,,,
301,SAMUEL GARCIA MONTENEGRO,Electrodomesticos,CALLE 25 DE OCTUBRE S/N,Bolivia,,4311171,3007180012,mitricolorbo@hotmail.com,,,,,
302,LIMPIEZA VERY CLEAN,turismo,"CALLE ADOLFO GOSALVEZ N° 1105 Z V
NUEVA POTOSI",Bolivia,,2473864,4876485011,"ramirex_primero@hotmail.com 
ramiromendoza.very@gmail.com",RAMIRO JORGE MENDOZA CONDORI,,,,
303,ESTACION DE SERVICIOS VOLCAN SRL.,moda,AV. MONTES ESQ. PANDO N° 101,Bolivia,,2460441,158516028,volcan_srl@hotmail.com,JUVENAL CLAURE SEVERICH,,,,
304,INDUSTRIAS MALUCI,salud,"KM. 7   1/2  CAMINO ANTIGUO A
SACABA",Bolivia,,4274058,994448011,maluci80@supernet.com.bo,CIDAR GREGORY CLAVIJO FOREST,,,,
305,SEGURITEX, Explotación de minas y canteras ,CALLE RETAMAS N°23,Bolivia,,2450198,4836134016,seguritexx@gmail.com,MIGUEL ANGEL PALERMOS LOAYZA,,,,
306,EMPRESA PUBLICA QUIPUS,moda,"AV. 6 DE AGOSTO EDIF. LAS DOS TORRES
PISO 8",Bolivia,,2125254,247632025,freddy.murillo@quipus.gob.bo,FREDDY MURILLO ROJAS,,,,
307,"KERANA SERVICIOS INDUSTRIALES Y
COMERCIALES S.A.", Actividades inmobiliarias ,PARQUE INDUSTRIAL P.I. 40-A,Bolivia,,3476556,141389029,kerana@cotas.com.bo,LIONEL COLQUE GARCIA,,,,
308,KORIGOMA LTDA.,"Alimentos, bebidas y snake",CALLE INCA N° 100 ZONA PUCARANI,Bolivia,,2852020,1020325026,info@korigoma.com.bo,ROSARIO FORTUN DE RAMIREZ,,,,
309,GRUPO EMPRESARIAL MAXI KING SRL,automotores y motocicletas ,AV. CRISTOBAL DE MENDOZA N°1025,Bolivia,,3-3485151,1025905020,liviozozzoli@maxiking.com.bo,CESAR LIVIO ZOZZOLI,,,,
310,ESTACION DE SERVICIOS SAN LUIS, Reparación de vehículos automotores ,AV. 4TO ANILLO ESQ. RADIAL 10,Bolivia,,3572672,1037135011,essl@cotas.com.bo,VICTOR HUGO CONDORCETT MURILLO,,,,
311,PLAXBURG SRL.,comida rapida,"AV. PETROLERA KM. 4,5",Bolivia,,4236837,1023101026,contacto@plaxburg.com,MARIA JOSE BURGOA LEON,,,,
312,AGRIPAC BOLIVIANA CIA. LTDA.,tecnologicos,AV. GUALBERTO VILLARROEL N° 2530,Bolivia,,2114506,1028409020,,MANUEL OQUENDO B.,,,,
313,"ALIANZA COMPAÑÍA DE SEGUROS Y
REASEGUROS S.A.", Industria manufacturera ,"AV. 20 DE OCTUBRE ESQ. CAMPOS N°
2680",Bolivia,,2432121,1020351029,silviaga@alianzaseguros.com,SILVIA PATRICIA GOMEZ AGUILAR,,,,
314,BISA SEGUROS Y REASEGUROS S.A., Servicios profesionales y técnicos ,"AV. ARCE N°2631 EDIFICIO MULTICINE
PISO 14",Bolivia,,2177000,1020655027,pgarcia@grupobisa.com,PEDRO ALEJANDRO GARCIA CRESPO,,,,
315,"LA BOLIVIANA CIACRUZ DE SEGUROS Y
REASEGUROS S.A.", Transporte y almacenamiento ,CALLE COLON N°288,Bolivia,,"22,203,131",1007017028,juanpablo.camacho@lbc.bo,JUAN PABLO RAFAEL SANTIAGO,,,,
316,"COMPAÑÍA DE SEGUROS Y REASEGUROS
FORTALEZA S.A.", Actividades de alojamiento y servicio de comidas ,"AV. 20 DE OCTUBRE N°2565 ZONA
SOPOCACHI",Bolivia,,2434885,1028175023,aboyerman@grupofortaleza.com.bo,ADOLFO JUAN BOYERMAN GALVAN,,,,
317,"SEGUROS Y REASEGUROS CREDINFORM
INTERNATIONAL S.A.", Información y comunicaciones ,"CALACOTO C. JULIO C. PATIÑO ESQ. C.12
N°550",Bolivia,,2775550,1006765027,credinform@credimformsa.com,PATRICIA LEONOR MEDINA DE SANCHEZ,,,,
318,CANDEBOL, Explotación de minas y canteras ,C. NICOLAS ACOSTA N°248,Bolivia,,2486253,2399436011,candebol@hotmail.com,JUAN CARLOS ROSSEL CAMACHO,,,,
319,ALEKAMA, Servicios de salud y de asistencia social ,"CALLE EL ARENAL N°67 BARRIO EL
ARENAL UV.141B MZA37",Bolivia,,3605845,4814545015,alekama_@hotmail.com,JUAN CARLOS SANCHEZ ABASTOFLOR,,,,
320,I.C. LIZ, Servicios de educación ,"AV. PANORAMICA N°VILLA TEJADA
ALPACOMA",Bolivia,,2814330,2459498019,,REINALDO FEDERICO MENDOZA UBANO,,,,
321,MATHA, Actividades inmobiliarias ,"AV. TEJADA SORZANO N°606
Z/MIRAFLORES",Bolivia,,73086991,4758594010,matha@outlook.com,FANNY THALIA SAMARA DABDOUB RIOS,,,,
322,SEMAR, Actividades artísticas de entretenimiento y recreativas ,"CALLE GUILLERMO VARGAS N°22
Z/PAMAHASI",Bolivia,,73097020,3336330016,julio_martinez_z@hotmail.com,JULIO MIGUEL MARTINEZ RAMIREZ,,,,
323,ZONATEX," Agricultura, ganadería, caza, pesca y silvicultura ",AMERICA N°766,Bolivia,,73513380,4414184012,zonatex1@hotmail.com,VIVIAN SANDRA TRINO TRUJILLO,,,,
324,ALSA.TEX, Intermediación financiera y seguros ,"CALLE FEDERICO DIES DE MEDINA
N°2945 ZONA VILLA MERCEDES",Bolivia,,70513262,6731091010,alain_sv7@hotmail.com,,,,,
325,GRASSIM,Servicios Basicos,"CALLE NATANIEL AGUIRRE N°801 Z. 14
DE SEPTIEMBRE",Bolivia,,2458725,2680468016,raultambo@hotmail.com,,,,,
326,C.B.O. IMPORT EXPORT,Electrodomesticos,AV. 6 DE AGOSTO N°801,Bolivia,,4590633,162924024,cboimportexport@hotmail.com,QIANGQIANG SUN,,,,
327,"INDUSTRIA MOLINERA CONCORDIA
S.R.L.","Alimentos, bebidas y snake",CARLOS ARANIBAR OROZCO N°257,Bolivia,,4432605,198840024,molinoconcordia@hotmail.com,ALBA LOBO EDSON WILLY,,,,
328,FABRICA DE FIDEOS SP LIMITADA,moda,"MARTIN CARDENAS N°100  Z. VILLA
BOLIVAR E",Bolivia,,2813447,184158023,fideossanpedro@gmail.com,QUISPE RIOS RITA,,,,
329,MOLINERA OKI S.R.L.,Servicios Basicos,CARRETERA OKINAWA S/N,Bolivia,,9237181,280916025,molinera@oki-srl.com.bo,NAKAMURA INAMINE YUKEN,,,,
330,COMPAÑÍA INDUSTRIAL COMERCIAL HERMANOS VICENTE S.R.L.,Entretenimiento,PARQUE INDUSTRIAL PI-13/14,Bolivia,,3462670,1015491026,hvicente@famosa.com.bo,VICENTE OSTRIA JOSE ENRIQUE,,,,
331,LA CASA DEL TWEED,salud,"CALLE NATANIEL AGUIRRE N° 801 Z.
14 DE SEPTIEMBRE",Bolivia,,,4278362012,berthatambo@yahoo.com ,,,,,
332,A&B INTERNACIONAL LTDA.,turismo,"C. MACARIO PINILLA N° 384
SOPOCACHI",Bolivia,,2432052,1002875023,,RIVERO VACA MARIA VERONICA,,,,
333,"INDUSTRIAS JENECHERU de Walter
Emilio Terceros Cardona",limpieza,CALLE CASTRO PINTO #130,Bolivia,,3581277,2834433014,info@jenecheru.com.bo,,,,,
334,MACCAFERRI DE BOLIVIA LTDA.,servicios medicos,"CARRETERA A PAILON S/N ZONA
BARRIO CAMPANERO",Bolivia,,2407992,1001741026,carlos@maccaferri.com.bo,DAZA BARRIENTOS VALENTINA,,,,
335,GEO - MALLAS,Electrodomesticos,AV. CIRCUNVALACION N°867,Bolivia,,6658195,2666522018,a_yapu@hotmail.com,YAPU TROCHE ARMANDO ELIAS,,,,
336,"CORPORACION INDUSTRIAL SABAYA
SRL. - CORINSA",salud,TOLEDO Y ALAMASI N°77,Bolivia,,2-230372,1023559027,fabricaoruro@corinsa-srl.com,EID MONTAÑO OMAR,,,,
337,IMPORT EXPORT LAS LOMAS LTDA., Actividades artísticas de entretenimiento y recreativas ,MANZUR MENDUIÑA YAMIL,Bolivia,,71526119,1028443027,"lasiomaslpz@laslomas.com.bo
victor.cari@laslomas.com.bo",MANZUR MENDUIÑA YAMIL,,,,
338,o'BARRIO-BUENO OB SRL.,Servicios Basicos,AVD. JAIME MENDOZA 1202A,Bolivia,,,164076020,ybueno@obmallas.com,O'BARRIO AILLON STEPHAN,,,,
339,"9Q - NINE IN QUALITY S.R.L,", Construcción,"C. Diaz Romero, Pasaje Florida Nro. 1364, Zona Miraflores",Bolivia,,65119662,301140029,,,,,,
340,A & P Expert People,moda,"Pasaje David Pinilla Nro. 40, Zona San Pedro",Bolivia,,"2485016
73242683",4746889017,,,,,,
341,A.C. BUSINESS SRL, Servicios de salud y de asistencia social ,Av. Jorge Carrasco Nro 225 Edif Kollasuyo zona 12 de octubre,Bolivia,,2824107,,,,,,,
342,ACSECRUZ SRL, Servicios de salud y de asistencia social ,c. Francisco Gallegos Nro 3765,Bolivia,,"3468766
60085801",308468025,,,,,,
343,Adolfo Ayala Callahuara,"Alimentos, bebidas y snake",calle Silverio Menacho No 1622 z. El Tejar,Bolivia,,"Cel, 77284096",2662195018,,,,,,
344,Agencia para el Desarrollo de la Sociedad de la Información en Bolivia - ADSIB,salud,"C. ayacucho Esq. Mercado Nro. 308, Zona Central",Bolivia,,2200720/30/40,120431020,,,,,,
345,ALFAPRO Seguridad y Confianza,"Alimentos, bebidas y snake",calle Ingavi N° 676,Bolivia,,67015713-69785190,,,,,,,
346,American Printer S.R.L.,moda,C. Posnansky Nro. 1184,Bolivia,,2240070-2240020,,,,,,,
347,Angelica Sandra Chambilla Quisbert," Agricultura, ganadería, caza, pesca y silvicultura ",calle Jauregui N°2270 z. Sopocachi,Bolivia,,", 2226946",4744381011,,,,,,
348,Ansil Comunicaciones, Explotación de minas y canteras ,Av. Saavedra Nro. 1608,Bolivia,,"2913490
71925080",3455465016,,,,,,
349,APU CINE Y COMUNICACIONES, Construcción,,Bolivia,,76710910-72523864,,,,,,,
350,Atlantida SRL, Construcción,"C. Final 21 de calacoto, Zona Sur",Bolivia,,22795454-22795864,,,,,,,
351,AXS Bolivia S.A.,salud,Av. Julio Patiño calle 18 z. Calacoto,Bolivia,,2971111 - . 2970110,1020389023,,,,,,
352,Bacope Alvarez Sistemas de Seguridad - BASS, Venta y reparación de motocicletas ,"C. Union Nro.50, Zona San Antonio Alto",Bolivia,,73023290-71593785,,,,,,,
353,Black Shield, Explotación de minas y canteras ,"C. Mexico Nro. 1472, Zona San Pedro",Bolivia,,2971515,,,,,,,
354,Bolivia TV - BTV, Servicios de salud y de asistencia social ,Av. Camacho Nro. 1485,Bolivia,,"2203404-2203973-
2203959",164582027,,,,,,
355,"Camara de Industria, Comercio y Servicios Tarija", Servicios de salud y de asistencia social ,calle Bolivar N°233,Bolivia,,"6642737-
6113636-6635670",1011385021,,,,,,
356,Camara Departamental del Libro de La Paz,Servicios Basicos,C. Capitan Ravelo Nro. 2116,Bolivia,,2444077-2444239,1001531026,,,,,,
357,Camara Departamental del Libro de Santa Cruz, Actividades de alojamiento y servicio de comidas ,c. Velasco Nro. 665 piso 2,Bolivia,,3365316,,,,,,,
358,CAMELAZ,Electrodomesticos,C. Murillo Nro. 1060,Bolivia,,"2314022
71510143-71939340",6055230014,,,,,,
359,CARITAS BOLIVIANA," Agricultura, ganadería, caza, pesca y silvicultura ",calle Pichincha esq. Ingavi N° 560,Bolivia,,,121391027,,,,,,
360,Carrier Data S.R.L.,automotores y motocicletas ,"C. Cochabamba Nro. 100, Zona Central",Bolivia,,2314998,,,,,,,
361,CARTONBOL,turismo,Av. 24 de junio K.M. 3. 1/5 carretera a Oruro – Vinto,Bolivia,,25117709 25117712,153462021,,,,,,
362,CCE Technology, Servicios de salud y de asistencia social ,Pza. Eguino Nro 391 Edif. Nayjama of 5B,Bolivia,,Tefl. . 2463080 73284100 - 72558603,,,,,,,
363,Central de Cooperativas EL CEIBO, Reparación de vehículos automotores ,Av. Juan Pablo II N° 2560 -El Alto,Bolivia,,,1020081029,,,,,,
364,City Graf Industria Publicitaria, Intermediación financiera y seguros ,"C.Nicolas Acosta Nro. 219, Zona San Pedro",Bolivia,,"2480711
72585448",,,,,,,
365,Claudia Karen Cordero Tanuz, Información y comunicaciones ,"calle kilómetro 7, N° 366 Z. Parque Bolívar",Bolivia,,,6609652017,,,,,,
366,CLIN SRL," Agricultura, ganadería, caza, pesca y silvicultura ",Av. Roma N°6815 zona Obrajes,Bolivia,,"2782200
70135752",,,,,,,
367,COGNITIO SRL, Servicios profesionales y técnicos ,"C. Presbitero Medina Nro. 2527, Zona Sopocachi",Bolivia,,2911127,301466021,,,,,,
368,Compañía Comercial General Industrial Limitada,automotores y motocicletas ,c. Reyes Ortiz N°73 Federico Suazo z. Central,Bolivia,,2337696,1018533029,,,,,,
369,Compañía Editora Luna Llena S.A., Construcción,z. Achumani calle 9 Nro 6,Bolivia,,,170606026,,,,,,
370,COMTEC S.R.L.,Electrodomesticos,Av. Arce Nro. 2132 Edif. Illampu Piso 8,Bolivia,,2441330-2441464,1007139028,,,,,,
371,COMTEC SRL,moda,Av. Arce Edificio Illampu Nro. 2132 Piso 8,Bolivia,,"2441330-2441464
2442436",1007139028,,,,,,
372,Comunicaciones El Pais,"Alimentos, bebidas y snake",Colinas de Santa Rita z. Auquisamaña,Bolivia,,0.2771415,1020241028,,,,,,
373,CONSTRUNOVA S.A.,"Alimentos, bebidas y snake","Av. 16 de Julio(Paseo el Prado) Nro. 1479, Zona central",Bolivia,,2310795,299380025,,,,,,
374,Courrier Bolivian Express SRL, Industria manufacturera ,Av. Guerra del Pacifico N°1194 z. Miraflores,Bolivia,,"2224639 - 2221274-
2246389",1004493029,,,,,,
375,DCOIMS,tecnologicos,"C. almirante Grau Nro. 1317, Zona San Pedro",Bolivia,,2487490,,,,,,,
376,Decor Limp - Decoración y Limpieza de Interiores,"Alimentos, bebidas y snake",C. Diaz Romero y Cuba Nro. 1487,Bolivia,,79113181,2603752014,,,,,,
377,Denisse Elizabeth Uria Sossa, Servicios de educación ,"Av. 6 de agosto Nro. 2455, Zona Sopocachi",Bolivia,,"2440489
69889110",5966151012,,,,,,
378,DIFECCI SRL,moda,"calle Heroes del Chaco N°257
z. IV Centenario",Bolivia,,Cel 72509674,233844025,,,,,,
379,DIPLOMODEL,automotores y motocicletas ,"Av. Chasquipampa esq. Pucarani Nro. 416, Zona San Sebastian",Bolivia,,2450723,,,,,,,
380,D-MAC Distribuidores, Actividades artísticas de entretenimiento y recreativas ,,Bolivia,,73508848-70551836,,,,,,,
381,DPI Publicidad Industrial,Entretenimiento,calle 38 nro 100 z. Chasquipampa,Bolivia,,"2794996-2771485-
2771487",1018933022,,,,,,
382,Dynamic, Servicios profesionales y técnicos ,"C. 17 de mayo Nro. 1664, Zona Paraiso I",Bolivia,,72074895,4808590012,,,,,,
383,"Eco World Material de
Escritorio", Actividades artísticas de entretenimiento y recreativas ,,Bolivia,,,,,,,,,
384,ECOBOLSAS,Electrodomesticos,C. 25 de calacoto Nro. 129,Bolivia,,"2776285 
70650448-68225034-
75267277",4302795016,,,,,,
385,Ecovirtual SRL, Servicios de educación ,Av. 16 de julio Nro 1479 Edif. San Pablo Of. 1,Bolivia,,2310663,293412022,,,,,,
386,Ecxcel Importadora de Equipos y Mobiliario, Construcción,"C. 9 Nro. 263, Zona Pampahasi",Bolivia,,65544765-79585568,,,,,,,
387,Edgar Careaga Cherroni, Transporte y almacenamiento ,Av. Domingo Paz E230,Bolivia,,78245099,1847854017,,,,,,
388,EDITORA HERMENCA LTDA.,moda,Av. Federico Zuazo Nro.1913,Bolivia,,2441007,1020695025,,,,,,
389,Editorial Canelas S. A., Construcción,Edif. Camara Nacional de Comecio Of. 1303,Bolivia,,2357142,,,,,,,
390,Editorial del Estado Plurinacional de BOLIVIA, Transporte y almacenamiento ,C. 3 Nro. 22 Zona Villa Dolores,Bolivia,,2 2184018,347194029,,,,,,
391,Electronic Printer & Services S.R.L.," Agricultura, ganadería, caza, pesca y silvicultura ",C. cañada Strongest Nro. 1857,Bolivia,,2485870,142187022,,,,,,
392,Electronic Printer & Services SRL,"Alimentos, bebidas y snake","C. Cañada Strongest Nro. 1857, Zona Central",Bolivia,,77779141,142187022,,,,,,
393,"Empresa Alemana Unificada
S.A.",turismo,Calle Tiahuanaco N° 64,Bolivia,,"2315656 .
2113930",1007011027,,,,,,
394,Empresa de Comunicación Social El Deber, Actividades inmobiliarias ,"Av. El Trompillo # 1144, 2º Anillo - Santa Cruz",Bolivia,,"3538000, 3538373,
3539053",1028283021,,,,,,
395,Empresa Estatal Boliviana de Turismo,salud,Pza Murillo N° 551 zona Central,Bolivia,,0.2125099,284220028,,,,,,
396,EnerGea Tecnologia Sostenible, Actividades artísticas de entretenimiento y recreativas ,C. Diego de Peralta Nro. 1048,Bolivia,,2246671 68222842-78929988,,,,,,,
397,EOCLIBOL SRL, Intermediación financiera y seguros ,Calle Montevideo Nro 137 zona Sopocachi Bajo,Bolivia,,2004822,283996027,,,,,,
398,Es Confianza Empresa de Limpieza," Agricultura, ganadería, caza, pesca y silvicultura ","C. c Nro. 7, Zona Pampahasi",Bolivia,,73270652-63152630,,,,,,,
399,Escuela de Gestion Publica Plurinacional - EGPP, Información y comunicaciones ,C. Bolivar Nro. 724,Bolivia,,2200131-2200353,,,,,,,
400,Fast-Com Solutions S.R.L., Servicios profesionales y técnicos ,"C. Murrillo Nro. 1028, Zona Central",Bolivia,,"2463447
75207070",321308027,,,,,,
401,FEICOBOL Fundacion para la Feria Internacional de Cochabamba Bolivia,Electrodomesticos,Av. Pando No. 1185 Edificio FEPC (piso 3),Bolivia,,4580994-4247272,1021689022,,,,,,
402,FEMCO S.R.L., Información y comunicaciones ,Av. Montes Nro. 500,Bolivia,,"2462453
60129710",1023171027,,,,,,
403,FERBLANANROS SRL,moda,"C. Fernando Guachalla Nro. 421, Zona Sopocachi",Bolivia,,2423657-2423609,355879020,,,,,,
404,Fil´s Company S.R.L.,Servicios Basicos,"Av. Busch Nro. 1196, Zona Miraflores",Bolivia,,2126395,122537026,,,,,,
405,Flash Courier of Lightning, Actividades inmobiliarias ,"C. Boqueron Nro. 1518, Zona San Pedro",Bolivia,,2484235-2986253,4997309019,,,,,,
406,FREMAPABOL Ferreteria, Intermediación financiera y seguros ,"Av. Raul Salomon, esquina Calle 9, Zona 12 de Octubre",Bolivia,,73710844-73056078,9991114015,,,,,,
407,GEDEON Retapizado & Mantenimiento,Electrodomesticos,"Av. Manuel Gamarra Nro. 1412, Zona Pura Pura",Bolivia,,"76261702-78865017-
65636422",,,,,,,
408,Gisbert y Cia S.A., Actividades inmobiliarias ,C. 21 de calacoto Nro. 8446,Bolivia,,2774444,,,,,,,
409,Goliath Technologies,Entretenimiento,"C. Rio Yucumo Nro. 22, Zona IV Centenario- Alto Obrajes",Bolivia,,76741525,3455891012,,,,,,
410,Grupo Moreira Bolivia SRL," Agricultura, ganadería, caza, pesca y silvicultura ",Av. 20 de Octubre Nro. 2651,Bolivia,,2435297,208916026,,,,,,
411,Guillermo Augusto Siñani Espejo,turismo,Av. 23 de marzoNro 1946 z. Pampahasi,Bolivia,,"2256983
69731481",4790939018,,,,,,
412,Ideas Graficas Print, Explotación de minas y canteras ,Av 16 de julio El PradoEdif. San Pablo Of 305,Bolivia,,,3438751010,,,,,,
413,IDENTIBOL, Venta y reparación de motocicletas ,C. Comercio Nro. 866,Bolivia,,"70640602-7067766-
71570004",2229594015,,,,,,
414,Imagen Perfecta Servicios Graficos,Entretenimiento,C. Chuquisaca Nro. 6020,Bolivia,," 2452356 Cel,
73270506",,,,,,,
415,IMEI- Implementaciones de muebles e Insumos, Servicios de salud y de asistencia social ,C. Murillo Nro. 1225,Bolivia,,2311171,9099815011,,,,,,
416,Importadora Edy y Car,comida rapida,Calle Ingavi N° 696 zona central,Bolivia,,"2285443
79125706-65584478",9108705017,,,,,,
417,Impresiones Master SRL, Actividades de alojamiento y servicio de comidas ,"Av. Los Leones Nro. 2497, Zona Miraflores",Bolivia,,2204430-2204431,,,,,,,
418,Impresores Ideas, Servicios profesionales y técnicos ,C. Ballivian Nro. 1463,Bolivia,,77250844-60691611,11108994016,,,,,,
419,Industria Publicitaria Air Giants Bolivia S.R.L.,turismo,"Av. Hugo Ernest Nro. 6464, Zona Bajo Seguencoma",Bolivia,,"2916061-2788921
70194447-70671259",331394029,,,,,,
420,INGEPROYECT, Explotación de minas y canteras ,"Av. Jaimes Freyre Nro. 1711, Zona Alto San Pedro",Bolivia,,"23047032-2482127
73203279",4855149013,,,,,,
421,InsumasBol,Entretenimiento,Calle Murillo esq. Oruro Edif Osmar Nro 1082 Of. 207,Bolivia,,"2311022
60867565 - 60860435",,,,,,,
422,Jaime Oscar Adriazola Sulpiaz, Servicios de salud y de asistencia social ,"C. Manuel Carrasco
Nro.1953, Zona Villa Copacabana",Bolivia,,Cel.:70174104,4313545019,,,,,,
423,JD Grafica & Publicidad, Información y comunicaciones ,C. la madrid entre Ballivian y Ramon Rojas,Bolivia,,"66-55347
71864348",7220307019,,,,,,
424,Jorge Enrique Virreira Arteaga,automotores y motocicletas ,C Mexico Nro. 141,Bolivia,,"2311277
71525251",2310513017,,,,,,
425,JPMLEINAD - Soluciones Practicas, Actividades artísticas de entretenimiento y recreativas ,"C. 4, Av. E Nro. 150, San Luis Tasa",Bolivia,,"2837221-
60670940-70592637",6028877010,,,,,,
426,KEIKA, Servicios profesionales y técnicos ,calle 25 Edif Nuestra Señora del Carmen zona Cota Cota,Bolivia,,"2794678 - 2799460
70567222",2286652016,,,,,,
427,La Papelera S.A.,Entretenimiento,calle 22 N° 7883 Edif 0-22 z. Calacoto,Bolivia,,"2793900 
2793952",1020495020,,,,,,
428,"Librería, Papelería y Editorial Gisbert y Cia. S.A.", Servicios de salud y de asistencia social ,Calle Comercio Nro 1270,Bolivia,,2202626,1007043027,,,,,,
429,Lizeth Lesly Castelo Flores, Transporte y almacenamiento ,c. Pascoe Nro 200 zona final Los Andes,Bolivia,,70506019,4878241019,,,,,,
430,Luis Coronado Javier, Servicios de educación ,"C. ciro trigo Nro. 1157, Baririo virgen de Fatima",Bolivia,,6643499-6645473 71863600,1607791015,,,,,,
431,Luxtro Somos Respuesta,Servicios Basicos,Calle Diego de Peralta Nro 1059,Bolivia,,2248890,5158817010,,,,,,
432,M&Z Graphics Bernald Publicidad & Servicios," Agricultura, ganadería, caza, pesca y silvicultura ",Av. Alto de la Alianza Nro. 677,Bolivia,,2287702,6006486013,,,,,,
433,Manufacturas Atzumy G&L, Actividades inmobiliarias ,z. Villa Dolores calle 4 Nro 30,Bolivia,,2825075,4364871016,,,,,,
434,Ministerio de Comunicación,Servicios Basicos,calle Potosi esq. Ayacucho N°1220,Bolivia,,2902597-2902299,180926022,,,,,,
435,Ministerio de Economía y Finanzas Publicas, Actividades inmobiliarias ,"Calle Michel s/nSeguencoma Bajo, Edif. Campo ferial Chuquiago Marka Bloque Rojo Piso 7",Bolivia,,"2782223 - 2782227 -
2785302",240208029,,,,,,
436,Muebles Geraldin,Electrodomesticos,Av. 6 de agosto Nro 2240 Edif. Maria Cecilia,Bolivia,,2444229 - 2443934,,,,,,,
437,Muebles y Equipamiento EDPADE,turismo,"C. Loayza Nro.669, Zona Central",Bolivia,,"22003560
61001662",,,,,,,
438,Multimuebles, Explotación de minas y canteras ,C. Murrillo Nro.1082,Bolivia,,"2900835
72585045",,,,,,,
439,Nacional Seguros Patrimoniales y Fianzas SA,moda,c. Capitan Ravelo Edif Metrobol N°2334,Bolivia,,0.2442942,145776027,,,,,,
440,Nelly F. Humerez Quisbert, Actividades inmobiliarias ,"Av. Arce Of,13 Edif Cobija",Bolivia,,2310237,6136566014,,,,,,
441,New Line S.R.L., Reparación de vehículos automotores ,"C. Larecaja Nro. 275, Zona Norte",Bolivia,,"2287679 
60687457",308062020,,,,,,
442,NEWEST, Industria manufacturera ,"C. 18 de mayo, Zona Villa Victoria",Bolivia,,"23850657-
680814378",6728871015,,,,,,
443,OFIBOL, Venta y reparación de motocicletas ,calle Murillo N° 879 zona central,Bolivia,,Cel 762024 - 74005262,4801118019,,,,,,
444,OFISOFT S.R.L., Construcción,Av. 20 de octubre Nro. 1821,Bolivia,,"2489727 
69820666",,,,,,,
445,OUTUTEL SRL,Servicios Basicos,"c. Demetrio MoscosoN°141
z. Villa Dolores",Bolivia,,,282704022,,,,,,
446,PAPELBOL,Servicios Basicos,"Av. Jaimes Freyre esq. Calle 1 Nro. 2344, Zona Sopocachi",Bolivia,,2147001,151538021,,,,,,
447,PC-STORE, Servicios profesionales y técnicos ,C. Murillo Nro. 1028 Edif. Centro Comercial Peatonal Zona Central,Bolivia,,2906691,6733892014,,,,,,
448,PERIODICO EL PROGRESO, Servicios profesionales y técnicos ,C. Canada Nro. 10 Zona Miraflores,Bolivia,,73699088,8174264011,,,,,,
449,Piroska,tecnologicos,Av. 20 de Octubre Nro. 2332,Bolivia,,Telef. 70131413,462517016,,,,,,
450,POWERTEL,salud,C. Linares Nro. 1057,Bolivia,,2971678-2971749,4301057019,,,,,,
451,PRINTERIOR S.R.L., Transporte y almacenamiento ,C.Victoriano Rivero Nro. 30,Bolivia,,,316788025,,,,,,
452,Pro Hygiene Lideres en Sistemas de Higiene Profesional, Actividades inmobiliarias ,C. Macario Pinilla Nro.469,Bolivia,,"2912464
75858151",,,,,,,
453,PRO-OF Proveedores de Oficina,"Alimentos, bebidas y snake",Ubr.Verde Olivo Bloque 11 Oficina 1-A,Bolivia,,2786770-67153508,4781606013,,,,,,
454,Protec Vyroe,turismo,"C. Ingavi Nro.684, Zona Central",Bolivia,,"2409386
73202923-77209000",13439965018,,,,,,
455,Quick Office,Electrodomesticos,Av. Mcal. Santa Cruz Edif Torri Centro piso 1 Nro 27,Bolivia,,2409839 - 76299925,,,,,,,
456,"Radio Caliente 105,1 FM","Alimentos, bebidas y snake",,Bolivia,,,,,,,,,
457,Radio Centro, Servicios de educación ,C. Ecuador Nro.115,Bolivia,,4251498-4522612,1021137029,,,,,,
458,"Radio Chacaltaya 93,7 FM", Transporte y almacenamiento ,C. Lisimaco Gutierrez Nro. 481,Bolivia,,2431625-2434436,89579016,,,,,,
459,Radio Difusora Populares - La Doble, Reparación de vehículos automotores ,C. Juan de la Riva Nro. 1527,Bolivia,,2204350-2200691,1020441026,,,,,,
460,Radio Difusoras Integracion S.R.L.,salud,"C. 2 Nro. 95 Ceja El Alto, Zona 12 de Octubre",Bolivia,,2820058-2823404,120971024,,,,,,
461,Radio Difusoras Populares S.A., Explotación de minas y canteras ,C. Juan de la Riva Nro. 1527,Bolivia,,,1020441026,,,,,,
462,Radio FEIS, Intermediación financiera y seguros ,Distrito 8 puente vela Urbanizacion Eucalipto Nro.233,Bolivia,,"736699088-
79833033",8174264011,,,,,,
463,Radio Futbolmania, Servicios de salud y de asistencia social ,Av. Busch Nro. 2005 esq Villalobos,Bolivia,,"71270006-72087400-
76200398",3977017018,,,,,,
464,Radio La Bruja FM,Servicios Basicos,Av. Hernando Siles Nro. 850,Bolivia,,6421234-6452305,1113083017,,,,,,
465,"Radio La Paz FM 96,7",turismo,"Av. Hector Ormachea Nro. 5671, Zona Obrajes",Bolivia,,"22782550 
79124674",1019557022,,,,,,
466,Radio Luis de Fuentes,Electrodomesticos,C. La madrid Nro. 153,Bolivia,,6644109,857213017,,,,,,
467,Radio Panamericana Somera Ltda., Intermediación financiera y seguros ,Av. 16 de julio,Bolivia,,2313980,1006763023,,,,,,
468,Radio Pio XII, Venta y reparación de motocicletas ,"C. Baptista S/N, Zona Socavon",Bolivia,,"5276602 
67202802-73837792",1023819022,,,,,,
469,Richard Quisbert Patti4871389017,turismo,"calle Colon Nro 558 z.
Central",Bolivia,,"2200174 -
72082841",,,,,,,
470,Rimpolio Design, Actividades artísticas de entretenimiento y recreativas ,Av. 6 de agosto Nro. 2976,Bolivia,,,185454012,,,,,,
471,Roger Gonzalo Sanchez Alvarez,Servicios Basicos,Av. Sanchez Lima Nro. 2199,Bolivia,,"2004636
65533033",6183254014,,,,,,
472,RyM Reparacion y Mantenimiento en Servicios Generales,Servicios Basicos,,Bolivia,,Cel.73214006,,,,,,,
473,S.E.I.T.C., Intermediación financiera y seguros ,calle Arce Edif. Calama Of.23,Bolivia,,"2836273
76281510",6025811018,,,,,,
474,SANPORT Comercio e Importaciones,moda,Av. Mecapaca Nro 6555 z. Obrajes,Bolivia,,"2782129
70646221",2379539010,,,,,,
475,SATCOM S.RL., Actividades artísticas de entretenimiento y recreativas ,C. Ayacucho Edif. Flores Planta Baja Nro. 214,Bolivia,,2201580-2202215,1016965025,,,,,,
476,SAVI CBBA. S.R.L.,comida rapida,Calle Jose Quintin Mendoza N° 1547 z. Cala Cala,Bolivia,,,175876025,,,,,,
477,Seguridad GIPS, Reparación de vehículos automotores ,"C. 15 Nro. 100, Zona Irpavi",Bolivia,,,,,,,,,
478,Seguros y Reaseguros Credinform International SA,moda,calle Julio Patiño z. Calacoto,Bolivia,,0.277555,1006765027,,,,,,
479,SENATEX - Servicio Nacional Textil, Reparación de vehículos automotores ,"C. Yanacachi Nro. 1489, Zona Villa Fatima",Bolivia,,Telef. 2219595,196654024,,,,,,
480,Servicios Tecnicos FLX,automotores y motocicletas ,"Av. Simon Bolivar Nro 1962
z. Miraflores",Bolivia,,2225626 - 77236623,4966369016,,,,,,
481,SETRIC, Construcción,Av. Ramos Gavilan Nro. 1985,Bolivia,,2307576,3339458014,,,,,,
482,SIÑANI ESPEJO,moda,,Bolivia,,,,,,,,,
483,Skyframe S.R.L.,"Alimentos, bebidas y snake",C. Canonigo Ayllon Nro. 573,Bolivia,,"22487998
77255860-70537069",167216029,,,,,,
484,Sociedad Boliviana de Hoteles y Turismo S.R.L, Industria manufacturera ,c. Potosi esq. Jenaro Sanjinez Nro. 920,Bolivia,,2-2406666,1020513028,,,,,,
485,Soluciones Digitales Bolivia, Venta y reparación de motocicletas ,Av. Arce Nro. 2303 Esq. Rosendo Gutierrez,Bolivia,,"2912382
68225925",,,,,,,
486,Stannum Boutique Hotel & Spa,salud,Av. Arce N° 2631Edif. Multicine piso 5,Bolivia,,"2148393 - Cel, 76790220",,,,,,,
487,Station AMC Visual,turismo,Av. Juan Jose Perez Nro. 282,Bolivia,,2444160-2444637,,,,,,,
488,Stigma Imprenta, Reparación de vehículos automotores ,"Calle Juan de la Riva Nro
1418",Bolivia,,"2204403
77779032",4313221019,,,,,,
489,SYMBIAX,Servicios Basicos,C. Nicolas Acosta Nro. 940,Bolivia,,2493486,6801218011,,,,,,
490,Tecno Dial, Intermediación financiera y seguros ,C. Almirante Gru Nro. 151,Bolivia,,"2900509 -
71278687",4266834017,,,,,,
491,Tendencias Tecnologicas,moda,calle Loaysa N° 349 Edif Loayza piso 2 Of.201,Bolivia,,", 2205019
70698038",290946025,,,,,,
492,Textiles Santex, Información y comunicaciones ,calle Obispo Cardenas N°1512,Bolivia,,2116367 - Cel 70650755,,,,,,,
493,TODOOFF COLOR & PIXEL, Actividades artísticas de entretenimiento y recreativas ,C. 9 Nro. 4 Edificio Jimenez,Bolivia,,76209934,4759793014,,,,,,
494,Triplex Ltda., Intermediación financiera y seguros ,"Av. Ballivian Esquina calle 21, Zona Sur -Calacoto",Bolivia,,2129824,1031083026,,,,,,
495,UNIBIENES S.A. Seguros y Reaseguros Patrimoniales, Actividades inmobiliarias ,C. Heriberto Gutierrez Nro. 2389,Bolivia,, 2121920-2154213,,,,,,,
496,"Unoffice suministros de computacion, material de oficina y limpieza", Actividades artísticas de entretenimiento y recreativas ,"Av. 20 de octubre esq. Conchitas Nro 1821, Zona Sopocachi",Bolivia,,"2495145
78933088",6082631016,,,,,,
497,Victoria Lidia Andrade Foronda, Venta y reparación de motocicletas ,c. Alberto Gutierrez Nro 1982 z. Tembladerani,Bolivia,,65107435,2642317011,,,,,,
498,VIGITRON, Información y comunicaciones ,"C. colombia Nro. 211, Zona San Pedro",Bolivia,,"2481185
76744520",3078470014,,,,,,
499,VSG- Vargas Servicios Generales, Transporte y almacenamiento ,"C. Fermin Prudencio Nro. 1130, Zona Miraflores",Bolivia,,"2247994
65172940",3342820017,,,,,,
